{"temps": [0.4, 0.45, 0.5, 0.54, 0.59, 0.64, 0.66, 0.68, 0.7, 0.72, 0.74, 0.76, 0.78, 0.8, 0.82, 0.84, 0.86, 0.88, 0.9, 0.92, 0.94, 0.96, 0.98, 1.0, 1.02, 1.04, 1.06, 1.08, 1.1, 1.12, 1.14, 1.47, 1.77, 2.08, 2.39, 2.69], "avg_en": [-4998.1535436, -4869.728522175, -4851.6536826, -4972.990775025, -4946.845209125, -4902.01297368, -4877.52783621, -4848.09403864, -4813.34532203, -4770.38008213, -4719.57036806, -4657.44938192, -4582.41411895, -4482.17589877, -4345.528439455, -4129.916629575, -3180.6648877025, -2907.8988412625, -2749.29613096, -2637.01557327, -2538.16263754, -2458.49363028, -2392.55811334, -2333.77568564, -2277.06577221, -2229.71602832, -2183.74374417, -2142.20043081, -2106.83254645, -2070.23286568, -2039.25978881, -1706.22897505, -1554.16396995, -1453.3696843, -1385.27233105, -1335.774599875], "avg_mag": [0.9998138908299999, 0.54843127519, 0.76995694506, 0.99720578131, 0.99439530887, 0.9894090218280001, 0.986581848456, 0.983123069128, 0.97891565288, 0.973554195124, 0.9669120642239999, 0.9584912189079999, 0.9475868087439999, 0.931679833824, 0.9068393437529999, 0.8587305202740001, 0.34339480918, 0.26615790675, 0.248125054808, 0.240862045264, 0.235219725272, 0.23183102056799998, 0.22935747498800002, 0.22757449395600002, 0.22613438943199998, 0.224984984952, 0.22394255870000002, 0.2230362487, 0.222325924832, 0.221547538728, 0.22110116647999997, 0.21618283821, 0.21449104029, 0.21356025731999997, 0.21295134982, 0.21254614075999997], "spec_heat": [2568.500428500011, 361.49679149999434, -3033.427310625004, 522.9113180000065, 896.6447089000022, 1224.2568735000066, 1471.6898784999998, 1737.435830500007, 2148.2619949999826, 2540.4857035000055, 3106.0493070000093, 3751.7631485000006, 5011.911009, 6832.372965750014, 10780.59049399998, 47462.58709362496, 13638.302321999992, 7930.135515124986, 5614.027884499997, 4942.646786500018, 3983.4503629999936, 3296.775847000001, 2939.121384999996, 2835.4956715000044, 2367.4871944999927, 2298.614207500007, 2077.165667999996, 1768.3942180000015, 1829.984038499991, 1548.6538435000216, 1009.1842841212119, 506.8833503333333, 325.14285693548345, 219.66888145161278, 164.9924372500005], "spec_heat_temps": [0.425, 0.475, 0.52, 0.565, 0.615, 0.65, 0.67, 0.69, 0.71, 0.73, 0.75, 0.77, 0.79, 0.81, 0.83, 0.85, 0.87, 0.89, 0.91, 0.93, 0.95, 0.97, 0.99, 1.01, 1.03, 1.05, 1.07, 1.09, 1.11, 1.13, 1.305, 1.62, 1.925, 2.235, 2.54]}