{"temps": [0.4, 0.45, 0.5, 0.54, 0.59, 0.64, 0.66, 0.68, 0.7, 0.72, 0.74, 0.76, 0.78, 0.8, 0.82, 0.84, 0.86, 0.88, 0.9, 0.92, 0.94, 0.96, 0.98, 1.0, 1.02, 1.04, 1.06, 1.08, 1.1, 1.12, 1.14, 1.47, 1.77, 2.08, 2.39, 2.69], "avg_en": [-4998.584539725, -4995.7431469, -4989.56355295, -4979.92845255, -4811.5363793, -4929.1097144, -4911.9533397, -4891.47482843, -4867.66452855, -4840.78658485, -4806.73579196, -4767.71038477, -4722.3178618, -4667.17607384, -4602.35620921, -4524.71950939, -4427.50803343, -4292.2718945075, -4085.05526456, -3480.4307217, -3200.9738167475, -3061.7772684575, -2952.6393347, -2865.3110639, -2785.90899475, -2719.83917378, -2661.35412102, -2604.9252473, -2559.12188481, -2515.52223043, -2473.47846257, -2068.9464137, -1891.17146785, -1774.68069705, -1694.939532825, -1638.08557485], "avg_mag": [0.99985751185, 0.99956850723, 0.9989314796200001, 0.99792618245, 0.61180216817, 0.9923988720040001, 0.990461285292, 0.988103836476, 0.985310377236, 0.9820658660880001, 0.977843333512, 0.972852484308, 0.966778298208, 0.959103502928, 0.94946975644, 0.936977983476, 0.9200074875640001, 0.8921535479980001, 0.836825608747, 0.467441808614, 0.334656719161, 0.310316026096, 0.2989597851, 0.295070873996, 0.28837766412, 0.285134259088, 0.28245590396, 0.27999705238800005, 0.278758842668, 0.27685704427999996, 0.27599254891999997, 0.26794831957000004, 0.26559935633, 0.26420511594, 0.26363877569, 0.26307606231], "spec_heat": [56.827856499985515, 123.59187900001419, 240.87750999999548, 3367.841465000006, -2351.4667019999956, 857.818735, 1023.9255634999599, 1190.5149940000283, 1343.8971850000132, 1702.5396444999826, 1951.270359499993, 2269.6261484999904, 2757.089398000014, 3240.993231500003, 3881.8349910000015, 4860.573797999991, 6761.8069461249825, 10360.831497375002, 30231.227142999975, 13972.845247625057, 6959.827414499994, 5456.896687875014, 4366.413539999981, 3970.103457499996, 3303.4910485000155, 2924.2526379999817, 2821.443685999995, 2290.1681244999945, 2179.982719000007, 2102.188393000027, 1225.854693545454, 592.5831528333332, 375.77668000000017, 257.22956201612874, 189.51319324999997], "spec_heat_temps": [0.425, 0.475, 0.52, 0.565, 0.615, 0.65, 0.67, 0.69, 0.71, 0.73, 0.75, 0.77, 0.79, 0.81, 0.83, 0.85, 0.87, 0.89, 0.91, 0.93, 0.95, 0.97, 0.99, 1.01, 1.03, 1.05, 1.07, 1.09, 1.11, 1.13, 1.305, 1.62, 1.925, 2.235, 2.54]}